{"stops":[{"id":"1","tpg":"Coll\u00e8ge Le Joran","sbb":"Pr\u00e9vessin-Mo\u00ebns,Coll\u00e8ge Le Jor"}, {"id":"2","tpg":"Vallet","sbb":"Onex, Vallet"}, {"id":"3","tpg":"De-Ternier","sbb":"Onex, G\u00e9rard-de-Ternier"}, {"id":"4","tpg":"Place Favre","sbb":"Ch\u00eane-Bourg, Place Favre"}, {"id":"5","tpg":"Pr\u00e9n\u00e9pla","sbb":"Ornex"}, {"id":"6","tpg":"Grand-Cara","sbb":"Presinge, Grand-Cara"}, {"id":"7","tpg":"Lion","sbb":"St-Genis, Lion"}, {"id":"8","tpg":"Athenaz-Ecole","sbb":"Avusy, Athenaz-Ecole"}, {"id":"9","tpg":"Hameau Ch\u00e8vres","sbb":"Bernex, Ch\u00e8vres"}, {"id":"10","tpg":"Le Rolliet","sbb":"Plan-les-Ouates, Le Rolliet"}, {"id":"11","tpg":"Baumgartner","sbb":"Carouge GE, Baumgartner"}, {"id":"12","tpg":"Saint-Loup","sbb":"Versoix, Saint-Loup"}, {"id":"13","tpg":"Grange-Falquet","sbb":"Ch\u00eane-Bougeries,Grange-Falquet"}, {"id":"14","tpg":"L\u00e9onard-Sismondi","sbb":"Ch\u00eane-Bougeries, L.-Sismondi"}, {"id":"15","tpg":"Debussy","sbb":"Presinge, Cara-Douane"}, {"id":"16","tpg":"Baraque-\u00e0-Cloud","sbb":"Gy, Baraque-\u00e0-Cloud"}, {"id":"17","tpg":"Coq-d'Inde","sbb":"Ch\u00eane-Bougeries, Coq-d'Inde"}, {"id":"18","tpg":"Lover\u00e9","sbb":"Vandoeuvres, Lover\u00e9"}, {"id":"19","tpg":"Tour-Carr\u00e9e","sbb":"Cologny, Tour-Carr\u00e9e"}, {"id":"20","tpg":"Rigot","sbb":"Gen\u00e8ve, Rigot"}, {"id":"21","tpg":"Baron de Lo\u00eb","sbb":"Annemasse, Parc Montessuit"}, {"id":"22","tpg":"De Sta\u00ebl","sbb":"Carouge GE, De Sta\u00ebl"}, {"id":"23","tpg":"Les Aglands","sbb":"Pr\u00e9vessin-Mo\u00ebns, Les Aglands"}, {"id":"24","tpg":"Goulart","sbb":"Gen\u00e8ve, Goulart"}, {"id":"25","tpg":"Bois-Gourmand","sbb":"Vessy, village"}, {"id":"26","tpg":"Tourbillon","sbb":"Plan-les-Ouates, Tourbillon"}, {"id":"27","tpg":"Mies","sbb":"Mies"}, {"id":"28","tpg":"Vich","sbb":"Vich, La Bichette"}, {"id":"29","tpg":"Concorde","sbb":"Gen\u00e8ve, Concorde"}, {"id":"30","tpg":"Carouge-March\u00e9","sbb":"Carouge GE, March\u00e9"}, {"id":"31","tpg":"Terre Mousson","sbb":"Satigny, Terre Mousson"}, {"id":"32","tpg":"Cervonnex","sbb":"St-Julien-en-Genevois,Cervonne"}, {"id":"33","tpg":"Bellins","sbb":"Plan-les-Ouates, Bellins"}, {"id":"34","tpg":"Plan-les-Ouates","sbb":"Plan-les-Ouates, village"}, {"id":"35","tpg":"Collonge","sbb":"Collonge-Bellerive, Collonge"}, {"id":"36","tpg":"Ch. de Roday","sbb":"Plan-les-Ouates, Roday"}, {"id":"37","tpg":"Rte de Lathoy","sbb":"St-Julien-en-G., Route Lathoy"}, {"id":"38","tpg":"Bel-Air","sbb":"Gen\u00e8ve, Bel-Air"}, {"id":"39","tpg":"Mollaz","sbb":"Laconnex, Mollaz"}, {"id":"40","tpg":"Courtillets","sbb":"Grand-Lancy, Courtillets"}, {"id":"41","tpg":"Ormeaux","sbb":"Gen\u00e8ve, Ormeaux"}, {"id":"42","tpg":"Ch. des Fours","sbb":"Cologny, chemin des Fours"}, {"id":"43","tpg":"Ch\u00e2nats","sbb":"Bellevue GE, Ch\u00e2nats"}, {"id":"44","tpg":"Village-Suisse","sbb":"Gen\u00e8ve, Village-Suisse"}, {"id":"45","tpg":"Le Moulin","sbb":"Dardagny, Le Moulin"}, {"id":"46","tpg":"H\u00f4pital-La Tour","sbb":"Meyrin, H\u00f4pital de la Tour"}, {"id":"47","tpg":"Contrat-Social","sbb":"Gen\u00e8ve, Contrat-Social"}, {"id":"48","tpg":"Neydens Mouilles","sbb":"Neydens-Les Mouilles"}, {"id":"49","tpg":"P+R Etoile","sbb":"Carouge GE, P+R Etoile"}, {"id":"50","tpg":"Capite","sbb":"V\u00e9senaz, Capite"}, {"id":"51","tpg":"Neydens-Vitam","sbb":"Neydens, Vitam"}, {"id":"52","tpg":"Philosophes","sbb":"Gen\u00e8ve, Philosophes"}, {"id":"53","tpg":"Grand-Hangar","sbb":"Meyrin, Grand-Hangar"}, {"id":"54","tpg":"De-Joinville","sbb":"Meyrin, De-Joinville"}, {"id":"55","tpg":"Sergy-Gare","sbb":"Sergy, gare"}, {"id":"56","tpg":"Certoux","sbb":"Certoux, village"}, {"id":"57","tpg":"Les Cr\u00eats","sbb":"Troinex, Les Cr\u00eats"}, {"id":"58","tpg":"Satigny-Gare","sbb":"Satigny, gare"}, {"id":"59","tpg":"Gardiol","sbb":"Grand-Saconnex, Gardiol"}, {"id":"60","tpg":"Perly-Village","sbb":"Perly, Ravi\u00e8res"}, {"id":"61","tpg":"Acacias","sbb":"Gen\u00e8ve, Acacias"}, {"id":"62","tpg":"Vaudagne","sbb":"Meyrin, Vaudagne"}, {"id":"63","tpg":"P+R Veigy","sbb":"Veigy, P&R"}, {"id":"64","tpg":"Les Fayards","sbb":"Versoix, Les Fayards"}, {"id":"65","tpg":"Veyrier-Douane","sbb":"Veyrier, douane"}, {"id":"66","tpg":"Cirque","sbb":"Gen\u00e8ve, Cirque"}, {"id":"67","tpg":"Laconnex","sbb":"Laconnex, village"}, {"id":"68","tpg":"Morglas","sbb":"Vernier, Morglas"}, {"id":"69","tpg":"Bessinge","sbb":"Cologny, Bessinge"}, {"id":"70","tpg":"Le-Fort","sbb":"Cologny, Le-Fort"}, {"id":"71","tpg":"Bernex-Place","sbb":"Bernex, place"}, {"id":"72","tpg":"C.O. Renard","sbb":"Vernier, CO Renard"}, {"id":"73","tpg":"Vernes","sbb":"Meyrin, Vernes"}, {"id":"74","tpg":"Cr. Confignon","sbb":"Confignon, crois\u00e9e"}, {"id":"75","tpg":"Champ-Claude","sbb":"Vernier, Champ-Claude"}, {"id":"76","tpg":"Plein-Sud","sbb":"Th\u00f4nex, Plein-Sud"}, {"id":"77","tpg":"Chancy-Raclerets","sbb":"Chancy, Raclerets"}, {"id":"78","tpg":"Manufactures","sbb":"Plan-les-Ouates, Manufactures"}, {"id":"79","tpg":"Malpertuis","sbb":"Bernex, Malpertuis"}, {"id":"80","tpg":"Bois Candide","sbb":"Ferney, Bois Candide"}, {"id":"81","tpg":"Stand","sbb":"Gen\u00e8ve, Stand"}, {"id":"82","tpg":"Ani\u00e8res-Village","sbb":"Ani\u00e8res, village"}, {"id":"83","tpg":"Pinchat-la-Tour","sbb":"Vessy, Pinchat-la-Tour"}, {"id":"84","tpg":"Guye","sbb":"Gen\u00e8ve, Guye"}, {"id":"85","tpg":"Saussac","sbb":"Troinex, Saussac"}, {"id":"86","tpg":"Battelle","sbb":"Carouge GE, Battelle"}, {"id":"87","tpg":"Rte de Compois","sbb":"Meinier, route de Compois"}, {"id":"88","tpg":"Gr\u00e9sy","sbb":"Puplinge, Gr\u00e9sy"}, {"id":"89","tpg":"Vuattes","sbb":"Plan-les-Ouates, Vuattes"}, {"id":"90","tpg":"Verdun","sbb":"Annemasse, Deffaugt"}, {"id":"91","tpg":"Arena-Halle 7","sbb":"Grand-Saconnex, Arena"}, {"id":"92","tpg":"Valencien","sbb":"Th\u00f4nex, Valencien"}, {"id":"93","tpg":"Giacometti","sbb":"Grand-Saconnex, Giacometti"}, {"id":"94","tpg":"Lyc\u00e9e des Gli\u00e8res","sbb":"Annemasse, Deffaugt"}, {"id":"95","tpg":"Cr\u00eats-Florissant","sbb":"Ch\u00eane-Bougeries, C.-Florissant"}, {"id":"96","tpg":"Collex-Ecole","sbb":"Collex, \u00e9cole"}, {"id":"97","tpg":"Founex","sbb":"Founex, village"}, {"id":"98","tpg":"Lancy-Pont-Rouge","sbb":"Petit-Lancy, Pont-Rouge"}, {"id":"99","tpg":"CERN","sbb":"Meyrin, CERN"}, {"id":"100","tpg":"Challex-Ecole","sbb":"Challex, \u00e9cole"}, {"id":"101","tpg":"Foulon","sbb":"Certoux, Foulon"}, {"id":"102","tpg":"Riant-Parc","sbb":"Gen\u00e8ve, Riant-Parc"}, {"id":"103","tpg":"Canonni\u00e8re","sbb":"Gen\u00e8ve, Canonni\u00e8re"}, {"id":"104","tpg":"Voirets","sbb":"Grand-Lancy, Voirets"}, {"id":"105","tpg":"Dardagny","sbb":"Dardagny, village"}, {"id":"106","tpg":"Cynodrome","sbb":"Versoix, Cynodrome"}, {"id":"107","tpg":"Annemasse Poste","sbb":"Annemasse, poste"}, {"id":"108","tpg":"Blanchards","sbb":"Bernex, Blanchards"}, {"id":"109","tpg":"Seymaz","sbb":"Ch\u00eane-Bougeries, Seymaz"}, {"id":"110","tpg":"Rive","sbb":"Gen\u00e8ve, Rive"}, {"id":"111","tpg":"Ani\u00e8res-Foyer","sbb":"Ani\u00e8res, Foyer"}, {"id":"112","tpg":"La Forge","sbb":"Jussy, La Forge"}, {"id":"113","tpg":"Pr\u00e9-Polly","sbb":"Bernex, Pr\u00e9-Polly"}, {"id":"114","tpg":"Bassy","sbb":"Ani\u00e8res, Bassy"}, {"id":"115","tpg":"Cartigny","sbb":"Cartigny, village"}, {"id":"116","tpg":"Colladon","sbb":"Gen\u00e8ve, Colladon"}, {"id":"117","tpg":"Taboret","sbb":"Satigny, Taboret"}, {"id":"118","tpg":"H\u00f4tel des Imp\u00f4ts","sbb":"Annemasse, Deffaugt"}, {"id":"119","tpg":"La Passe","sbb":"Cartigny, La Passe"}, {"id":"120","tpg":"Beau-Soleil","sbb":"Gen\u00e8ve, Clinique G\u00e9n\u00e9rale"}, {"id":"121","tpg":"Choulex","sbb":"Choulex, village"}, {"id":"122","tpg":"Combes Chapuis","sbb":"Sauverny, Combes Chapuis"}, {"id":"123","tpg":"Chemin du Bac","sbb":"Petit-Lancy, Chemin du Bac"}, {"id":"124","tpg":"La Plaine-Gare","sbb":"La Plaine, gare"}, {"id":"125","tpg":"Sauverny-Martinet","sbb":"Sauverny, Martinet"}, {"id":"126","tpg":"Le Reposoir","sbb":"Veyrier, Le Reposoir"}, {"id":"127","tpg":"Thoiry-Gare","sbb":"Thoiry, gare"}, {"id":"128","tpg":"Bains","sbb":"Gen\u00e8ve, Bains"}, {"id":"129","tpg":"Tranch\u00e9es","sbb":"Gen\u00e8ve, Tranch\u00e9es"}, {"id":"130","tpg":"De-Sauvage","sbb":"Vernier, De-Sauvage"}, {"id":"131","tpg":"Essertet","sbb":"Viry, Essertet"}, {"id":"132","tpg":"Tunnel Routier","sbb":"Grand-Saconnex, Tunnel Routier"}, {"id":"133","tpg":"Castan","sbb":"Ch\u00eane-Bougeries, Castan"}, {"id":"134","tpg":"L'Abbaye","sbb":"Jussy, L'Abbaye"}, {"id":"135","tpg":"Moulins-de-Drize","sbb":"Plan-les-Ouates, Moulins-Drize"}, {"id":"136","tpg":"Ornex-Fruiti\u00e8re","sbb":"Ferney, Fruiti\u00e8re"}, {"id":"137","tpg":"Moulin Richelien","sbb":"Versoix, Moulin-de-Richelien"}, {"id":"138","tpg":"Henri-Bordier","sbb":"Gen\u00e8ve, Henri-Bordier"}, {"id":"139","tpg":"Perly-Douane","sbb":"Perly, douane"}, {"id":"140","tpg":"Onex-Cit\u00e9","sbb":"Onex, cit\u00e9"}, {"id":"141","tpg":"Chantepoulet","sbb":"Gen\u00e8ve, Chantepoulet"}, {"id":"142","tpg":"Serves","sbb":"Plan-les-Ouates, Serves"}, {"id":"143","tpg":"Vy-des-Champs","sbb":"Gen\u00e8ve, Vy-des-Champs"}, {"id":"144","tpg":"La Donzelle","sbb":"Dardagny, La Donzelle"}, {"id":"145","tpg":"Fourches","sbb":"Ch\u00eane-Bougeries, Fourches"}, {"id":"146","tpg":"Clos-Fleury","sbb":"Annemasse, Parc Montessuit"}, {"id":"147","tpg":"Hutins","sbb":"St-Julien-en-Genevois, Hutins"}, {"id":"148","tpg":"Martinet","sbb":"Avully, Martinet"}, {"id":"149","tpg":"Aum\u00f4nes","sbb":"Puplinge, Aum\u00f4nes"}, {"id":"150","tpg":"Jardin Botanique","sbb":"Gen\u00e8ve, Jardin Botanique"}, {"id":"151","tpg":"WTC","sbb":"Gen\u00e8ve, WTC"}, {"id":"152","tpg":"H\u00f4tel-de-Ville","sbb":"Gen\u00e8ve, H\u00f4tel-de-Ville"}, {"id":"153","tpg":"La Belotte","sbb":"Cologny, La Belotte"}, {"id":"154","tpg":"Pont-de-Lully","sbb":"Bernex, Pont-de-Lully"}, {"id":"155","tpg":"Bartholoni","sbb":"Gen\u00e8ve, Bartholoni"}, {"id":"156","tpg":"Ani\u00e8res-Mairie","sbb":"Ani\u00e8res, mairie"}, {"id":"157","tpg":"Versoix-Bourg","sbb":"Versoix, bourg"}, {"id":"158","tpg":"Ath\u00e9n\u00e9e","sbb":"Gen\u00e8ve, Ath\u00e9n\u00e9e"}, {"id":"159","tpg":"Communes-R\u00e9unies","sbb":"Plan-les-Ouates, Comm.-R\u00e9unies"}, {"id":"160","tpg":"Petite-Grave","sbb":"Cartigny, Petite-Grave"}, {"id":"161","tpg":"Acacias","sbb":"Ambilly, Acacias-TAC"}, {"id":"162","tpg":"Chevrens","sbb":"Chevrens, Sous-Chevrens"}, {"id":"163","tpg":"Onex-March\u00e9","sbb":"Onex, march\u00e9"}, {"id":"164","tpg":"Veyrier-Rasses","sbb":"Veyrier, Rasses"}, {"id":"165","tpg":"Ch. des Palettes","sbb":"Grand-Lancy, Ch. des Palettes"}, {"id":"166","tpg":"Mat.-P\u00e9diatrie","sbb":"Gen\u00e8ve, Maternit\u00e9-P\u00e9diatrie"}, {"id":"167","tpg":"Champ-Carr\u00e9","sbb":"Plan-les-Ouates, Champ-Carr\u00e9"}, {"id":"168","tpg":"Blanch\u00e9","sbb":"Grand-Saconnex, Blanch\u00e9"}, {"id":"169","tpg":"Ch\u00eanaie","sbb":"Genthod, Ch\u00eanaie"}, {"id":"170","tpg":"Chamb\u00e9sy-Place","sbb":"Chamb\u00e9sy, place"}, {"id":"171","tpg":"Moillebeau","sbb":"Gen\u00e8ve, Moillebeau"}, {"id":"172","tpg":"Cologny-Temple","sbb":"Cologny, Temple"}, {"id":"173","tpg":"Delay","sbb":"Vernier, Delay"}, {"id":"174","tpg":"Plateau Champel","sbb":"Gen\u00e8ve, Plateau-de-Champel"}, {"id":"175","tpg":"Ch. du Paradis","sbb":"Satigny, Chemin du Paradis"}, {"id":"176","tpg":"Galeries du Loup","sbb":"Onex, Galeries du Loup"}, {"id":"177","tpg":"Gy-Temple","sbb":"Gy, temple"}, {"id":"178","tpg":"Pregny-Mairie","sbb":"Pregny, mairie"}, {"id":"179","tpg":"Z.I. Les Moulins","sbb":"St-Julien-en-G.,Zl Les Moulins"}, {"id":"180","tpg":"Planta","sbb":"Vandoeuvres, Planta"}, {"id":"181","tpg":"Savonni\u00e8re","sbb":"Collonge-Bellerive, Savonni\u00e8re"}, {"id":"182","tpg":"Maconnex","sbb":"Ornex, Maconnex"}, {"id":"183","tpg":"Sorbier","sbb":"Vernier, Sorbier"}, {"id":"184","tpg":"Usine \u00e0 Gaz","sbb":"Vernier, Usine \u00e0 gaz"}, {"id":"185","tpg":"La Pr\u00eale","sbb":"Collex, La Pr\u00eale"}, {"id":"186","tpg":"Veyrot","sbb":"Meyrin, Veyrot"}, {"id":"187","tpg":"Eysins","sbb":"Eysins, centre"}, {"id":"188","tpg":"Liszt","sbb":"Gen\u00e8ve, Liszt"}, {"id":"189","tpg":"Peupliers","sbb":"Jussy, Peupliers"}, {"id":"190","tpg":"Meinier-Tour","sbb":"Meinier, La Tour"}, {"id":"191","tpg":"Maisonnex","sbb":"Meyrin, Maisonnex"}, {"id":"192","tpg":"Mili\u00e8re","sbb":"Vessy, Mili\u00e8re"}, {"id":"193","tpg":"Jean-Jacques","sbb":"Gen\u00e8ve, Jean-Jacques"}, {"id":"194","tpg":"S\u00e9zenove-Ferrand","sbb":"Bernex, S\u00e9zenove-Ferrand"}, {"id":"195","tpg":"Hermance","sbb":"Hermance"}, {"id":"196","tpg":"Coutance","sbb":"Gen\u00e8ve, Coutance"}, {"id":"197","tpg":"Pl. d'Allemogne","sbb":"Thoiry, Pl. d'Allemogne"}, {"id":"198","tpg":"Rouette","sbb":"Choulex, Rouette"}, {"id":"199","tpg":"C.S B\u00e9cassi\u00e8re","sbb":"Versoix, CS La B\u00e9cassi\u00e8re"}, {"id":"200","tpg":"P+R Sous-Moulin","sbb":"Th\u00f4nex, P+R Sous-Moulin"}, {"id":"201","tpg":"Pr\u00e9s-Palais","sbb":"Corsier GE, Pr\u00e9s-Palais"}, {"id":"202","tpg":"Observatoire GE","sbb":"Versoix,Observatoire de Gen\u00e8ve"}, {"id":"203","tpg":"Peschier","sbb":"Gen\u00e8ve, Peschier"}, {"id":"204","tpg":"Ornex-Roussets","sbb":"Ferney, Ch\u00e2teau de Voltaire"}, {"id":"205","tpg":"Tannay","sbb":"Tannay, village"}, {"id":"206","tpg":"Selli\u00e8res","sbb":"Vernier, Sellieres"}, {"id":"207","tpg":"Rieu","sbb":"Gen\u00e8ve, Rieu"}, {"id":"208","tpg":"Progr\u00e8s","sbb":"Vernier, Progr\u00e8s"}, {"id":"209","tpg":"Petit-Bel-Air","sbb":"Ch\u00eane-Bourg, Petit-Bel-Air"}, {"id":"210","tpg":"V\u00e9senaz-Californie","sbb":"V\u00e9senaz, Californie"}, {"id":"211","tpg":"Ch.de la Traille","sbb":"Onex, La Traille"}, {"id":"212","tpg":"Lully-Village","sbb":"Bernex, Lully"}, {"id":"213","tpg":"Cur\u00e9-Baud","sbb":"Grand-Lancy, Cur\u00e9-Baud"}, {"id":"214","tpg":"Belle-Id\u00e9e-Sal\u00e8ve","sbb":"Ch\u00eane-Bourg, Belle-Id\u00e9e-Sal\u00e8ve"}, {"id":"215","tpg":"Camping B.de-Bay","sbb":"Satigny, Camping Bois-de-Bay"}, {"id":"216","tpg":"Pont de Combe","sbb":"Archamps, Centre de convention"}, {"id":"217","tpg":"Armes","sbb":"Carouge GE, Armes"}, {"id":"218","tpg":"Cr\u00eats-Morillon","sbb":"Grand-Saconnex, Cr\u00eats-Morillon"}, {"id":"219","tpg":"Versoix-Gare","sbb":"Versoix, gare"}, {"id":"220","tpg":"Bardonnex","sbb":"Bardonnex, village"}, {"id":"221","tpg":"Vuillonnex","sbb":"Bernex, Vuillonnex"}, {"id":"222","tpg":"Sergy-Bourg","sbb":"Sergy, bourg"}, {"id":"223","tpg":"Cr\u00eat-Capite","sbb":"V\u00e9senaz, Cr\u00eats-de-la-Capite"}, {"id":"224","tpg":"Carouge-Rondeau","sbb":"Carouge GE, Rondeau"}, {"id":"225","tpg":"Pr\u00e9-Fleuri","sbb":"Plan-les-Ouates, Pr\u00e9-Fleuri"}, {"id":"226","tpg":"Jardin-Alpin-Vi.","sbb":"Meyrin, Jardin-Alpin-Vivarium"}, {"id":"227","tpg":"Parc Stagni","sbb":"Ch\u00eane-Bougeries, Parc Stagni"}, {"id":"228","tpg":"Rte de Feig\u00e8res","sbb":"St-Julien-en-G.,Route Feig\u00e8res"}, {"id":"229","tpg":"Ferney-V.-Douane","sbb":"Ferney, douane"}, {"id":"230","tpg":"Avusy","sbb":"Avusy, village"}, {"id":"231","tpg":"Bernex-Saule","sbb":"Bernex, Saule"}, {"id":"232","tpg":"La Dode","sbb":"Confignon, La Dode"}, {"id":"233","tpg":"Boqueteaux","sbb":"Veyrier, Bois-Gourmand"}, {"id":"234","tpg":"Bourg-de-Four","sbb":"Gen\u00e8ve, Bourg-de-Four"}, {"id":"235","tpg":"Gen\u00e9vri\u00e8re","sbb":"Onex, Gen\u00e9vri\u00e8re"}, {"id":"236","tpg":"Ecu","sbb":"Vernier, Ecu"}, {"id":"237","tpg":"H\u00f4pital Trois-Ch\u00eane","sbb":"Th\u00f4nex, H\u00f4pital Trois-Ch\u00eane"}, {"id":"238","tpg":"Conches","sbb":"Ch\u00eane-Bougeries, Conches"}, {"id":"239","tpg":"Villette","sbb":"Ch\u00eane-Bougeries, Villette"}, {"id":"240","tpg":"Bout-du-Monde","sbb":"Gen\u00e8ve, Bout-du-Monde"}, {"id":"241","tpg":"Vallon","sbb":"Ch\u00eane-Bougeries, Vallon"}, {"id":"242","tpg":"Sous-Villette","sbb":"Th\u00f4nex, Sous-Vilette"}, {"id":"243","tpg":"Lyon","sbb":"Gen\u00e8ve, Lyon"}, {"id":"244","tpg":"ZIPLO","sbb":"Plan-les-Ouates, ZIPLO"}, {"id":"245","tpg":"Forumeyrin","sbb":"Meyrin, Forumeyrin"}, {"id":"246","tpg":"Combettes","sbb":"Vessy, Combettes"}, {"id":"247","tpg":"Murailles","sbb":"Meinier, Murailles"}, {"id":"248","tpg":"Merle-d'Aubign\u00e9","sbb":"Gen\u00e8ve, Merle-d'Aubign\u00e9"}, {"id":"249","tpg":"Bretonni\u00e8re","sbb":"Pr\u00e9vessin-Mo\u00ebns, Bretonni\u00e8re"}, {"id":"250","tpg":"Industrielle","sbb":"Gen\u00e8ve, Industrielle"}, {"id":"251","tpg":"Stand","sbb":"Gen\u00e8ve, Stand"}, {"id":"252","tpg":"Lo\u00ebx-H\u00f4pital","sbb":"Bernex, Lo\u00ebx-H\u00f4pital"}, {"id":"253","tpg":"Planet","sbb":"Bellevue GE, Planet"}, {"id":"254","tpg":"Moulin-de-la-Ratte","sbb":"Aire-la-Ville, Moulin-Ratte"}, {"id":"255","tpg":"Trembley","sbb":"Gen\u00e8ve, Trembley"}, {"id":"256","tpg":"P+R Perly","sbb":"Perly, P+R"}, {"id":"257","tpg":"Grand-Pr\u00e9","sbb":"Gen\u00e8ve, Grand-Pr\u00e9"}, {"id":"258","tpg":"Ile de France","sbb":"Annemasse, Deffaugt"}, {"id":"259","tpg":"Intercontinental","sbb":"Gen\u00e8ve, Intercontinental"}, {"id":"260","tpg":"Mouli\u00e8res","sbb":"Vernier, Mouli\u00e8res"}, {"id":"261","tpg":"Villars","sbb":"Hermance, Villars"}, {"id":"262","tpg":"Aubert","sbb":"Gen\u00e8ve, Aubert"}, {"id":"263","tpg":"Ch. des Princes","sbb":"V\u00e9senaz, Chemin des Princes"}, {"id":"264","tpg":"Lathoy Hameau","sbb":"St-Julien-en-G., Lathoy hameau"}, {"id":"265","tpg":"Bugnons","sbb":"Meyrin, Bugnons"}, {"id":"266","tpg":"Moraines","sbb":"Carouge GE, Moraines"}, {"id":"267","tpg":"Seuchat","sbb":"Collex, Seuchat"}, {"id":"268","tpg":"Bourdigny-Dessus","sbb":"Satigny, Bourdigny-Douane"}, {"id":"269","tpg":"Coppet","sbb":"Coppet CGN"}, {"id":"270","tpg":"A\u00efre","sbb":"Vernier, A\u00efre"}, {"id":"271","tpg":"Bois-de-Bay","sbb":"Satigny, Bois-de-Bay"}, {"id":"272","tpg":"Tours Lignon","sbb":"Vernier, Tours Lignon"}, {"id":"273","tpg":"Noirettes","sbb":"Russin, Noirettes"}, {"id":"274","tpg":"Grange-Collomb","sbb":"Carouge GE, Grange-Collomb"}, {"id":"275","tpg":"Beaumont Chable","sbb":"Beaumont le Ch\u00e2ble"}, {"id":"276","tpg":"Ch\u00e2teau-Bloch","sbb":"Vernier, Ch\u00e2teau-Bloch"}, {"id":"277","tpg":"Corbi\u00e8re","sbb":"Challex, Corbi\u00e8re"}, {"id":"278","tpg":"V\u00fcy","sbb":"Carouge GE, V\u00fcy"}, {"id":"279","tpg":"Terrassi\u00e8re","sbb":"Gen\u00e8ve, Terrassi\u00e8re"}, {"id":"280","tpg":"Calandrini","sbb":"Ch\u00eane-Bougeries, Calandrini"}, {"id":"281","tpg":"Rochette","sbb":"Onex, Rochette"}, {"id":"282","tpg":"G\u00e9n\u00e9ral de Gaulle","sbb":"Annemasse, Deffaugt"}, {"id":"283","tpg":"Corsier-Village","sbb":"Corsier GE, village"}, {"id":"284","tpg":"De-Chateaubriand","sbb":"Gen\u00e8ve, De-Ch\u00e2teaubriand"}, {"id":"285","tpg":"Meinier-Eglise","sbb":"Meinier, \u00e9glise"}, {"id":"286","tpg":"Mervelet","sbb":"Gen\u00e8ve, Mervelet"}, {"id":"287","tpg":"Clos du M\u00f4lan","sbb":"Cologny, Clos du M\u00f4lan"}, {"id":"288","tpg":"OMS","sbb":"Gen\u00e8ve, BIT"}, {"id":"289","tpg":"Pr\u00e9-Lauret","sbb":"Bernex, Pr\u00e9-Lauret"}, {"id":"290","tpg":"Maisons-Neuves","sbb":"Corsier GE, Maisons-Neuves"}, {"id":"291","tpg":"Gaillard-March\u00e9","sbb":"Gaillard, March\u00e9"}, {"id":"292","tpg":"Collonges-Mairie","sbb":"Collonges-s.-Sal\u00e8ve, mairie"}, {"id":"293","tpg":"Merlinge","sbb":"Meinier, Merlinge"}, {"id":"294","tpg":"Bogis-Bossey","sbb":"Bogis-Bossey"}, {"id":"295","tpg":"Parc des Anneaux","sbb":"Pr\u00e9vessin-Mo\u00ebns, Parc des Anne"}, {"id":"296","tpg":"Bois-Galland","sbb":"V\u00e9senaz, Bois-Galland"}, {"id":"297","tpg":"Via Monnet","sbb":"Vernier, Via Monnet"}, {"id":"298","tpg":"Belle-Id\u00e9e","sbb":"Th\u00f4nex, Belle-Id\u00e9e"}, {"id":"299","tpg":"Sur-le-Moulin","sbb":"Avusy, Sur-le-Moulin"}, {"id":"300","tpg":"Bois-Gentil","sbb":"Gen\u00e8ve, Bois-Gentil"}, {"id":"301","tpg":"Choully","sbb":"Satigny, Choully"}, {"id":"302","tpg":"Reverdin","sbb":"Gen\u00e8ve, Reverdin"}, {"id":"303","tpg":"Lyc\u00e9e De Sta\u00ebl","sbb":"St-Julien-en-G.,Lyc\u00e9e de Sta\u00ebl"}, {"id":"304","tpg":"P+R Bernex","sbb":"Bernex, P+R Bernex"}, {"id":"305","tpg":"Baillive","sbb":"Gen\u00e8ve, Baillive"}, {"id":"306","tpg":"Lo\u00ebx-Lanance","sbb":"Bernex, Lo\u00ebx-Lanance"}, {"id":"307","tpg":"Pailly-Balexert","sbb":"Vernier, Pailly-Balexert"}, {"id":"308","tpg":"Avenue du Jura","sbb":"Ferney, Avenue du Jura"}, {"id":"309","tpg":"Seujet","sbb":"Gen\u00e8ve, Seujet"}, {"id":"310","tpg":"Charcot","sbb":"Annemasse, Deffaugt"}, {"id":"311","tpg":"Butini","sbb":"Gen\u00e8ve, Butini"}, {"id":"312","tpg":"Bossons","sbb":"Petit-Lancy, Bossons"}, {"id":"313","tpg":"Burgy","sbb":"Grand-Lancy, Burgy"}, {"id":"314","tpg":"Les Ouches","sbb":"Gen\u00e8ve, Les Ouches"}, {"id":"315","tpg":"Cuisine","sbb":"Gen\u00e8ve, Cuisine"}, {"id":"316","tpg":"Tours-de-Carouge","sbb":"Carouge GE, Tours-de-Carouge"}, {"id":"317","tpg":"Maison-Rouge","sbb":"Satigny, Maison-Rouge"}, {"id":"318","tpg":"Les Bouveries","sbb":"Chancy, Les Bouveries"}, {"id":"319","tpg":"Troinex-Ville","sbb":"Troinex, ville"}, {"id":"320","tpg":"Ophtalmologie","sbb":"Gen\u00e8ve, Ophtalmologie"}, {"id":"321","tpg":"Marguerite","sbb":"Ani\u00e8res, Marguerite"}, {"id":"322","tpg":"C.S. Sous-Moulin","sbb":"Th\u00f4nex, CS Sous-Moulin"}, {"id":"323","tpg":"Canada","sbb":"Vernier, Canada"}, {"id":"324","tpg":"Stand-Laconnex","sbb":"Laconnex, stand"}, {"id":"325","tpg":"Sionnet","sbb":"Jussy, Sionnet"}, {"id":"326","tpg":"Ch. des Clys","sbb":"Bellevue GE, chemin des Clys"}, {"id":"327","tpg":"Puplinge-Marquis","sbb":"Puplinge, Marquis"}, {"id":"328","tpg":"La Mousse","sbb":"Ch\u00eane-Bourg, La Mousse"}, {"id":"329","tpg":"Th-Vallard-Dne","sbb":"Th\u00f4nex, Vallard"}, {"id":"330","tpg":"La Loure","sbb":"Jussy, La Loure"}, {"id":"331","tpg":"Blandonnet","sbb":"Vernier, Blandonnet"}, {"id":"332","tpg":"Place en Poulet","sbb":"Thoiry, Place en Poulet"}, {"id":"333","tpg":"Signal","sbb":"Vernier, Signal"}, {"id":"334","tpg":"Gd-Sac.-Mairie","sbb":"Grand-Saconnex, mairie"}, {"id":"335","tpg":"Monniaz","sbb":"Jussy, Monniaz"}, {"id":"336","tpg":"Camille-Martin","sbb":"Gen\u00e8ve, Camille-Martin"}, {"id":"337","tpg":"Queue-d'Arve","sbb":"Gen\u00e8ve, Queue-d'Arve"}, {"id":"338","tpg":"Russin-Village","sbb":"Russin, village"}, {"id":"339","tpg":"Thoiry-Mairie","sbb":"Thoiry, mairie"}, {"id":"340","tpg":"Meyrin-Mairie","sbb":"Meyrin, mairie"}, {"id":"341","tpg":"Gare Cornavin","sbb":"Gen\u00e8ve"}, {"id":"342","tpg":"La Mouille","sbb":"Veyrier, La Mouille"}, {"id":"343","tpg":"Corni\u00e8re","sbb":"Puplinge, Corni\u00e8re"}, {"id":"344","tpg":"Vidollet","sbb":"Gen\u00e8ve, Vidollet"}, {"id":"345","tpg":"Veyr-Tournettes","sbb":"Veyrier, Tournettes"}, {"id":"346","tpg":"Evordes","sbb":"Bardonnex, Evordes"}, {"id":"347","tpg":"Cr\u00eats-de-Champel","sbb":"Gen\u00e8ve, Cr\u00eats-de-Champel"}, {"id":"348","tpg":"P+R Challex-Hal.","sbb":"Challex, P+R La Halle"}, {"id":"349","tpg":"Grottes","sbb":"Gen\u00e8ve, Grottes"}, {"id":"350","tpg":"Coppet-Gare","sbb":"Coppet, gare"}, {"id":"351","tpg":"Gros-Ch\u00eane","sbb":"Onex, Gros-Ch\u00eane"}, {"id":"352","tpg":"Bossy","sbb":"Bossy"}, {"id":"353","tpg":"Planche-Brul\u00e9e","sbb":"Ferney, Planche-Brul\u00e9e"}, {"id":"354","tpg":"Nyon-Gare","sbb":"Nyon, gare"}, {"id":"355","tpg":"Ch. des Bornes","sbb":"Presinge, Bornes"}, {"id":"356","tpg":"Centre Horticole","sbb":"Jussy, Centre Horticole"}, {"id":"357","tpg":"R. de St-Maurice","sbb":"Collonge-Bellerive, Rte St-Mau"}, {"id":"358","tpg":"Drize","sbb":"Plan-les-Ouates, Moulins-Drize"}, {"id":"359","tpg":"Champ-D. Chalet","sbb":"Th\u00f4nex, Champ-Dollon (chalet)"}, {"id":"360","tpg":"Gen\u00e8ve-Plage","sbb":"Gen\u00e8ve, plage"}, {"id":"361","tpg":"Monthoux","sbb":"Gen\u00e8ve, Monthoux"}, {"id":"362","tpg":"Gaillardin","sbb":"Challex, Gaillardin"}, {"id":"363","tpg":"Parfumerie","sbb":"Vernier, Parfumerie"}, {"id":"364","tpg":"C.O. Bois-Caran","sbb":"Collonge-Bellerive, Bois-Caran"}, {"id":"365","tpg":"Mus\u00e9e Voltaire","sbb":"Gen\u00e8ve, Mus\u00e9e Voltaire"}, {"id":"366","tpg":"Sillons","sbb":"Th\u00f4nex, Sillons"}, {"id":"367","tpg":"Place A. Moret","sbb":"Annemasse, poste"}, {"id":"368","tpg":"Balexert","sbb":"Vernier, Balexert"}, {"id":"369","tpg":"Ch. de Collex","sbb":"Ferney, Chemin de Collex"}, {"id":"370","tpg":"P+R Gare Meyrin","sbb":"Meyrin, P+R gare de Meyrin"}, {"id":"371","tpg":"Petit-Veyrier","sbb":"Veyrier, Petit-Veyrier"}, {"id":"372","tpg":"Coll.Clapar\u00e8de","sbb":"Ch\u00eane-Bougeries,Coll.Clapar\u00e8de"}, {"id":"373","tpg":"31 D\u00e9cembre","sbb":"Gen\u00e8ve, 31 D\u00e9cembre"}, {"id":"374","tpg":"Fraidieu","sbb":"Cologny, Fraidieu"}, {"id":"375","tpg":"Bouchet","sbb":"Gen\u00e8ve, Bouchet"}, {"id":"376","tpg":"La Boutique","sbb":"Valleiry, La Boutique"}, {"id":"377","tpg":"Ch\u00e2taigni\u00e8res","sbb":"Jussy, Ch\u00e2taigni\u00e8res"}, {"id":"378","tpg":"La Chapelle","sbb":"Plan-les-Ouates, La Chapelle"}, {"id":"379","tpg":"La Pralay","sbb":"Genthod, La Pralay"}, {"id":"380","tpg":"Sismondi","sbb":"Gen\u00e8ve, Sismondi"}, {"id":"381","tpg":"Chablais-Parc","sbb":"Annemasse, gare"}, {"id":"382","tpg":"St-Julien-Gare","sbb":"St-Julien-en-Genevois, gare"}, {"id":"383","tpg":"Bernex-Eglise","sbb":"Bernex, \u00e9glise"}, {"id":"384","tpg":"Cara-Douane","sbb":"Presinge, Cara-Douane"}, {"id":"385","tpg":"Rue des Mouettes","sbb":"Carouge GE, Rue des Mouettes"}, {"id":"386","tpg":"Valais","sbb":"Gen\u00e8ve, Valais"}, {"id":"387","tpg":"Villereuse","sbb":"Gen\u00e8ve, Villereuse"}, {"id":"388","tpg":"Puplinge-Mairie","sbb":"Puplinge, mairie"}, {"id":"389","tpg":"Coll\u00e8ge du L\u00e9man","sbb":"Versoix, Coll\u00e8ge du L\u00e9man"}, {"id":"390","tpg":"Lancy-Mairie","sbb":"Grand-Lancy, mairie"}, {"id":"391","tpg":"Cit\u00e9 Lignon","sbb":"Vernier, Cit\u00e9 Lignon"}, {"id":"392","tpg":"Taconnerie","sbb":"Gen\u00e8ve, Taconnerie"}, {"id":"393","tpg":"Vieux Moulins","sbb":"St-Julien-en-G., Vieux Moulins"}, {"id":"394","tpg":"ICC","sbb":"Meyrin, ICC"}, {"id":"395","tpg":"Valleiry-Chef-L.","sbb":"Valleiry, Chef-Lieu"}, {"id":"396","tpg":"Pierre \u00e0 Bochet","sbb":"Th\u00f4nex, Pierre \u00e0 Bochet"}, {"id":"397","tpg":"Attenville","sbb":"Grand-Saconnex, Attenville"}, {"id":"398","tpg":"Veyrier-Salle comm.","sbb":"Veyrier, Salle Communale"}, {"id":"399","tpg":"Casino","sbb":"Neydens, Casino"}, {"id":"400","tpg":"Gavard","sbb":"Carouge GE, Gavard"}, {"id":"401","tpg":"Colombi\u00e8res","sbb":"Versoix, Colombi\u00e8res"}, {"id":"402","tpg":"Krieg","sbb":"Gen\u00e8ve, Krieg"}, {"id":"403","tpg":"Graveson","sbb":"Th\u00f4nex, Graveson"}, {"id":"404","tpg":"Les Tilleuls","sbb":"Dardagny, Les Tilleuls"}, {"id":"405","tpg":"Augustins","sbb":"Gen\u00e8ve, Augustins"}, {"id":"406","tpg":"La Blanche","sbb":"Vandoeuvres, La Blanche"}, {"id":"407","tpg":"Frontenex","sbb":"Cologny, Frontenex"}, {"id":"408","tpg":"Th\u00f4nex-Mairie","sbb":"Th\u00f4nex, mairie"}, {"id":"409","tpg":"Cr\u00eate","sbb":"Vandoeuvres, Cr\u00eate"}, {"id":"410","tpg":"Sierne","sbb":"Veyrier, Sierne"}, {"id":"411","tpg":"D\u00e9lices","sbb":"Gen\u00e8ve, D\u00e9lices"}, {"id":"412","tpg":"Montagne","sbb":"Ch\u00eane-Bougeries, Montagne"}, {"id":"413","tpg":"Charrot","sbb":"Bardonnex, Charrot"}, {"id":"414","tpg":"Miremont","sbb":"Gen\u00e8ve, Miremont"}, {"id":"415","tpg":"Florissant","sbb":"Annemasse, gare"}, {"id":"416","tpg":"Cressy","sbb":"Confignon, Cressy"}, {"id":"417","tpg":"Vieux-Valavran","sbb":"Genthod, Vieux-Valavran"}, {"id":"418","tpg":"Isaac-Mercier","sbb":"Gen\u00e8ve, Isaac-Mercier"}, {"id":"419","tpg":"Saint-Maurice","sbb":"V\u00e9senaz, Saint-Maurice"}, {"id":"420","tpg":"Fossard","sbb":"Th\u00f4nex, Fossard"}, {"id":"421","tpg":"Sauverny-Douane","sbb":"Sauverny, douane"}, {"id":"422","tpg":"Bel-Air","sbb":"Gen\u00e8ve, Bel-Air"}, {"id":"423","tpg":"Penthes","sbb":"Pregny, Penthes"}, {"id":"424","tpg":"Cr.-de-Rozon-Dne","sbb":"Croix-de-Rozon, douane"}, {"id":"425","tpg":"Ch. des Turaines","sbb":"Gy, Turaines"}, {"id":"426","tpg":"Place de Neuve","sbb":"Gen\u00e8ve, Place de Neuve"}, {"id":"427","tpg":"Versoix-Argand","sbb":"Versoix, Argand"}, {"id":"428","tpg":"C\u00e9ligny","sbb":"C\u00e9ligny, village"}, {"id":"429","tpg":"Maison On\u00e9sienne","sbb":"Onex, Maison On\u00e9sienne"}, {"id":"430","tpg":"S\u00e9zenove","sbb":"Bernex, S\u00e9zenove"}, {"id":"431","tpg":"Ch. Vert","sbb":"Vessy, Chemin Vert"}, {"id":"432","tpg":"Colovrex","sbb":"Bellevue GE, Colovrex"}, {"id":"433","tpg":"Lancy-Hubert","sbb":"Petit-Lancy, Lancy-Hubert"}, {"id":"434","tpg":"M\u00e9tropole","sbb":"Gen\u00e8ve, M\u00e9tropole"}, {"id":"435","tpg":"Champs-Blancs","sbb":"Chavannes-de-B., Champs-Blancs"}, {"id":"436","tpg":"Vernier-Village","sbb":"Vernier, village"}, {"id":"437","tpg":"Entr\u00e9e-Versoix","sbb":"Versoix, entr\u00e9e"}, {"id":"438","tpg":"Prulay","sbb":"Meyrin, Prulay"}, {"id":"439","tpg":"Servette","sbb":"Gen\u00e8ve, Servette"}, {"id":"440","tpg":"Rippaz","sbb":"Cologny, Rippaz"}, {"id":"441","tpg":"Treulaz","sbb":"Aire-la-Ville, Treulaz"}, {"id":"442","tpg":"Le Soleil","sbb":"Corsier GE, Le Soleil"}, {"id":"443","tpg":"Palexpo-Halle 7","sbb":"Grand-Saconnex,Palexpo-Halle 7"}, {"id":"444","tpg":"Romagny","sbb":"Annemasse, Deffaugt"}, {"id":"445","tpg":"St Julien SNCF","sbb":"St-Julien-en-G., SNCF"}, {"id":"446","tpg":"Ecole-M\u00e9decine","sbb":"Gen\u00e8ve, Ecole-M\u00e9decine"}, {"id":"447","tpg":"Avully-Village","sbb":"Avully, village"}, {"id":"448","tpg":"Chancy-Usine","sbb":"Chancy, usine"}, {"id":"449","tpg":"La Sal\u00e9sienne","sbb":"Veyrier, La Sal\u00e9sienne"}, {"id":"450","tpg":"UIT","sbb":"Gen\u00e8ve, UIT"}, {"id":"451","tpg":"P+R P47","sbb":"Grand-Saconnex, P+R P47"}, {"id":"452","tpg":"Mont-Blanc","sbb":"Gen\u00e8ve, Mont-Blanc"}, {"id":"453","tpg":"Jussy-Place","sbb":"Jussy, place"}, {"id":"454","tpg":"Grand-Champ","sbb":"Vernier, Grand-Champ"}, {"id":"455","tpg":"Fillion","sbb":"Carouge GE, Fillion"}, {"id":"456","tpg":"Cath\u00e9drale","sbb":"Gen\u00e8ve, Cath\u00e9drale"}, {"id":"457","tpg":"Lombard","sbb":"Gen\u00e8ve, Lombard"}, {"id":"458","tpg":"ZIMEYSA-Gare","sbb":"Zimeysa, gare"}, {"id":"459","tpg":"Corbillettes","sbb":"Grand-Saconnex, Corbillettes"}, {"id":"460","tpg":"Peney-Dessous","sbb":"Satigny, Peney-Dessous"}, {"id":"461","tpg":"La Bise","sbb":"V\u00e9senaz, La Bise"}, {"id":"462","tpg":"Corsier-Port","sbb":"Corsier GE, Corsier-Port"}, {"id":"463","tpg":"Aigues-Vertes","sbb":"Bernex, Aigues-Vertes"}, {"id":"464","tpg":"Motta","sbb":"Gen\u00e8ve, Motta"}, {"id":"465","tpg":"Les Bougeries","sbb":"Vandoeuvres, Les Bougeries"}, {"id":"466","tpg":"Moulin-de-Vert","sbb":"Cartigny, Moulin-de-Vert"}, {"id":"467","tpg":"Pont-Sierne","sbb":"Veyrier, Pont-Sierne"}, {"id":"468","tpg":"Dr Palluel","sbb":"St-Julien-en-G., Dr Palluel"}, {"id":"469","tpg":"Crans","sbb":"Crans-pr\u00e8s-C\u00e9ligny, village"}, {"id":"470","tpg":"Maisonnette","sbb":"Bernex, Maisonnette"}, {"id":"471","tpg":"Genthod-Bellevue","sbb":"Genthod-Bellevue, gare"}, {"id":"472","tpg":"Ch\u00eane-Bougeries","sbb":"Ch\u00eane-Bougeries, Rue Ch\u00eane-B."}, {"id":"473","tpg":"Ferme Sarasin","sbb":"Grand-Saconnex, Ferme Sarasin"}, {"id":"474","tpg":"Pr\u00e9-Monnard","sbb":"Petit-Lancy, Pr\u00e9-Monnard"}, {"id":"475","tpg":"Hauts-de-Magny","sbb":"Pr\u00e9vessin-Mo\u00ebns, Hauts-de-Magn"}, {"id":"476","tpg":"Cimeti\u00e8re Saint-Geor","sbb":"Petit-Lancy, Cimeti\u00e8re St-G."}, {"id":"477","tpg":"Rte des Jeunes","sbb":"Carouge GE, Route des Jeunes"}, {"id":"478","tpg":"Plateau Pinchat","sbb":"Vessy, Plateau de Pinchat"}, {"id":"479","tpg":"Crois\u00e9e Eaumorte","sbb":"Cartigny, Crois\u00e9e d'Eaumorte"}, {"id":"480","tpg":"La Tour","sbb":"Gaillard, La Tour"}, {"id":"481","tpg":"Bois-Caran","sbb":"Collonge-Bellerive, Bois-Caran"}, {"id":"482","tpg":"Chevrier","sbb":"Choulex, Chevrier"}, {"id":"483","tpg":"Plainpalais","sbb":"Gen\u00e8ve, Plainpalais"}, {"id":"484","tpg":"Bains de Cressy","sbb":"Confignon, Bains de Cressy"}, {"id":"485","tpg":"Grangettes","sbb":"Ch\u00eane-Bougeries, Grangettes"}, {"id":"486","tpg":"Quidort","sbb":"Petit-Lancy, Quidort"}, {"id":"487","tpg":"Communaut\u00e9-Comm.","sbb":"Archamps, Communaut\u00e9-Commun"}, {"id":"488","tpg":"P+R Challex-Egl.","sbb":"Challex, P+R Eglise"}, {"id":"489","tpg":"Alpes","sbb":"Gen\u00e8ve, Alpes"}, {"id":"490","tpg":"Petray","sbb":"V\u00e9senaz, Petray"}, {"id":"491","tpg":"Les Bruy\u00e8res","sbb":"Plan-les-Ouates, Les Bruy\u00e8res"}, {"id":"492","tpg":"Croix-de-Chavant","sbb":"Confignon, Croix-de-Chavant"}, {"id":"493","tpg":"La Blonde","sbb":"Vandoeuvres, La Blonde"}, {"id":"494","tpg":"Tour-de-Contr\u00f4le","sbb":"Meyrin, Tour-de-Contr\u00f4le"}, {"id":"495","tpg":"Mil\u00e9ant","sbb":"Gen\u00e8ve, Mil\u00e9ant"}, {"id":"496","tpg":"S\u00e9cheron","sbb":"Gen\u00e8ve, S\u00e9cheron"}, {"id":"497","tpg":"Gautier","sbb":"Gen\u00e8ve, Gautier"}, {"id":"498","tpg":"Le Renfort","sbb":"Avusy, Le Renfort"}, {"id":"499","tpg":"Vandoeuvres","sbb":"Vandoeuvres, village"}, {"id":"500","tpg":"Malagnou","sbb":"Ch\u00eane-Bougeries, Malagnou"}, {"id":"501","tpg":"Taverney","sbb":"Grand-Saconnex, Taverney"}, {"id":"502","tpg":"Pont-Bochet","sbb":"Th\u00f4nex, Pont-Bochet"}, {"id":"503","tpg":"Veyrier-Ecole","sbb":"Veyrier, \u00e9cole"}, {"id":"504","tpg":"Chamb-Fontaine","sbb":"Chamb\u00e9sy, fontaine"}, {"id":"505","tpg":"Susette","sbb":"Grand-Saconnex, Susette"}, {"id":"506","tpg":"Val-Thoiry","sbb":"Thoiry, Val-Thoiry"}, {"id":"507","tpg":"Coll\u00e8ge Rousseau","sbb":"Gen\u00e8ve, Coll\u00e8ge Rousseau"}, {"id":"508","tpg":"Pont-C\u00e9ard","sbb":"Versoix, Pont-C\u00e9ard"}, {"id":"509","tpg":"Jeandin","sbb":"Th\u00f4nex, Jeandin"}, {"id":"510","tpg":"Palexpo","sbb":"Grand-Saconnex, Palexpo"}, {"id":"511","tpg":"Satigny-Mairie","sbb":"Satigny, mairie"}, {"id":"512","tpg":"Duret","sbb":"Onex, Duret"}, {"id":"513","tpg":"Vieusseux","sbb":"Gen\u00e8ve, Vieusseux"}, {"id":"514","tpg":"Cypr\u00e8s","sbb":"Th\u00f4nex, Cypr\u00e8s"}, {"id":"515","tpg":"Fontanettes","sbb":"Challex, Fontanettes"}, {"id":"516","tpg":"Grand-Lancy","sbb":"Grand-Lancy, Pl. du 1er Ao\u00fbt 1"}, {"id":"517","tpg":"Mancy","sbb":"V\u00e9senaz, Mancy"}, {"id":"518","tpg":"Ancienne-Douane","sbb":"Pr\u00e9vessin-Mo\u00ebns, Anc. Douane"}, {"id":"519","tpg":"Weber","sbb":"Gen\u00e8ve, Weber"}, {"id":"520","tpg":"Champs-Fr\u00e9chets","sbb":"Meyrin, Champs-Fr\u00e9chets"}, {"id":"521","tpg":"Wendt","sbb":"Gen\u00e8ve, Wendt"}, {"id":"522","tpg":"Horloge Fleurie","sbb":"Gen\u00e8ve, Horloge Fleurie"}, {"id":"523","tpg":"Schuman","sbb":"St-Genis, Schumann"}, {"id":"524","tpg":"Ani\u00e8res-Gravi\u00e8re","sbb":"Ani\u00e8res, Gravi\u00e8re"}, {"id":"525","tpg":"Malagny","sbb":"Genthod, Malagny"}, {"id":"526","tpg":"Mon-Id\u00e9e","sbb":"Th\u00f4nex, Mon-Id\u00e9e"}, {"id":"527","tpg":"Baulacre","sbb":"Gen\u00e8ve, Baulacre"}, {"id":"528","tpg":"Ruth","sbb":"Cologny, Ruth"}, {"id":"529","tpg":"Pontets","sbb":"Grand-Lancy, Pontets"}, {"id":"530","tpg":"Gex-Aiglette","sbb":"Gex, Aiglette (F)"}, {"id":"531","tpg":"Technop\u00f4le","sbb":"Archamps, Technopole"}, {"id":"532","tpg":"Parc La Fantasia","sbb":"Ambilly, Parc la Fantasia"}, {"id":"533","tpg":"Appia","sbb":"Gen\u00e8ve, Appia"}, {"id":"534","tpg":"Badosse","sbb":"Plan-les-Ouates, Badosse"}, {"id":"535","tpg":"Libellules","sbb":"Vernier, Libellules"}, {"id":"536","tpg":"S\u00e9zenove-Village","sbb":"Bernex, S\u00e9zenove-village"}, {"id":"537","tpg":"Cr.-de-Rozon-Pl.","sbb":"Croix-de-Rozon, Place"}, {"id":"538","tpg":"Vertes Campagnes","sbb":"Tougin, Vertes Campagnes"}, {"id":"539","tpg":"Bellerive","sbb":"Collonge-Bellerive, Bellerive"}, {"id":"540","tpg":"Touvi\u00e8re","sbb":"Avully, Touvi\u00e8re"}, {"id":"541","tpg":"Petit-Saconnex","sbb":"Gen\u00e8ve, Petit-Saconnex"}, {"id":"542","tpg":"Gare Eaux-Vives","sbb":"Gen\u00e8ve-Eaux-Vives, gare"}, {"id":"543","tpg":"Feuillat","sbb":"Bardonnex, Feuillat"}, {"id":"544","tpg":"La C\u00f4te","sbb":"Viry, La C\u00f4te"}, {"id":"545","tpg":"Pallanterie","sbb":"V\u00e9senaz, Pallanterie"}, {"id":"546","tpg":"Ste-Clotilde","sbb":"Gen\u00e8ve, Sainte-Clotilde"}, {"id":"547","tpg":"Centenaire","sbb":"Plan-les-Ouates, Centenaire"}, {"id":"548","tpg":"Mazettes","sbb":"Vandoeuvres, Mazettes"}, {"id":"549","tpg":"Bonvard","sbb":"Choulex, Bonvard"}, {"id":"550","tpg":"Les Esserts","sbb":"Petit-Lancy, Les Esserts"}, {"id":"551","tpg":"La Tuili\u00e8re","sbb":"Prangins, La Tuili\u00e8re"}, {"id":"552","tpg":"Falquets","sbb":"Cologny, Falquets"}, {"id":"553","tpg":"Lyc\u00e9e International","sbb":"Ferney, Lyc\u00e9e international"}, {"id":"554","tpg":"Stand-de-Veyrier","sbb":"Vessy, village"}, {"id":"555","tpg":"Moillesulaz","sbb":"Th\u00f4nex, Moillesulaz"}, {"id":"556","tpg":"Ecogia","sbb":"Versoix, Ecogia"}, {"id":"557","tpg":"Bouleaux","sbb":"Vernier, Bouleaux"}, {"id":"558","tpg":"Courbes","sbb":"Ani\u00e8res, Courbes"}, {"id":"559","tpg":"Gex-Poste","sbb":"Gex, poste (F)"}, {"id":"560","tpg":"Michel-Servet","sbb":"Gen\u00e8ve, Michel-Servet"}, {"id":"561","tpg":"Champ-Dollon","sbb":"Th\u00f4nex, Champ-Dollon (chalet)"}, {"id":"562","tpg":"Moulin-la-Grave","sbb":"Avusy, Moulin de la Grave"}, {"id":"563","tpg":"Roches","sbb":"Gen\u00e8ve, Roches"}, {"id":"564","tpg":"Vollandes","sbb":"Gen\u00e8ve, Vollandes"}, {"id":"565","tpg":"V\u00e9senaz-Eglise","sbb":"V\u00e9senaz, \u00e9glise"}, {"id":"566","tpg":"Jurets","sbb":"Choulex, Jurets"}, {"id":"567","tpg":"Grange-Canal","sbb":"Gen\u00e8ve, Grange-Canal"}, {"id":"568","tpg":"Avully-Ecole","sbb":"Avully, \u00e9cole"}, {"id":"569","tpg":"L'Ouchette","sbb":"Veigy, l'Ouchette"}, {"id":"570","tpg":"Pont-Butin","sbb":"Vernier, Pont-Butin"}, {"id":"571","tpg":"Corsinge-Village","sbb":"Meinier, Corsinge-village"}, {"id":"572","tpg":"Pl. des March\u00e9s","sbb":"Annemasse, Deffaugt"}, {"id":"573","tpg":"Les Maladi\u00e8res","sbb":"Satigny, Les Maladi\u00e8res"}, {"id":"574","tpg":"Rue des Muguets","sbb":"St-Julien-en-G., Rue Muguets"}, {"id":"575","tpg":"Peney-Dessus","sbb":"Satigny, Peney-Dessus"}, {"id":"576","tpg":"Chemin du Righi","sbb":"Cologny, Chemin du Righi"}, {"id":"577","tpg":"Montfleury","sbb":"Versoix, Montfleury"}, {"id":"578","tpg":"Petit-Palais","sbb":"Gen\u00e8ve, Petit-Palais"}, {"id":"579","tpg":"Malivert","sbb":"St-Genis, Malivert"}, {"id":"580","tpg":"Saut-du-Loup","sbb":"Ch\u00eane-Bourg, Saut-du-Loup"}, {"id":"581","tpg":"Chemin des Bois","sbb":"Veyrier, Chemin des Bois"}, {"id":"582","tpg":"Vernier-March\u00e9","sbb":"Vernier, march\u00e9"}, {"id":"583","tpg":"Prairie","sbb":"Annemasse, gare"}, {"id":"584","tpg":"Les Quibi\u00e8res","sbb":"Veyrier, Les Quibi\u00e8res"}, {"id":"585","tpg":"Annemasse Gare","sbb":"Annemasse, gare"}, {"id":"586","tpg":"Avanchet","sbb":"Vernier, Avanchet"}, {"id":"587","tpg":"Bernex-Mairie","sbb":"Bernex, mairie"}, {"id":"588","tpg":"Bourdigny-Douane","sbb":"Satigny, Bourdigny-Douane"}, {"id":"589","tpg":"Fret","sbb":"Grand-Saconnex, Fret"}, {"id":"590","tpg":"Les clos","sbb":"Laconnex, Chemin de la Douane"}, {"id":"591","tpg":"Vessy","sbb":"Veyrier, Vessy"}, {"id":"592","tpg":"Bois-Ch\u00e9b\u00e9","sbb":"Vernier, Bois-Ch\u00e9b\u00e9"}, {"id":"593","tpg":"Cessy-Centre","sbb":"Cessy, centre"}, {"id":"594","tpg":"Valavran","sbb":"Bellevue GE, Valavran"}, {"id":"595","tpg":"La Tuili\u00e8re","sbb":"Avusy, La Tuiliere"}, {"id":"596","tpg":"La Ch\u00eana","sbb":"Gy, La Ch\u00eana"}, {"id":"597","tpg":"Nant-d'Aisy","sbb":"Ani\u00e8res, Nant-d'Aisy"}, {"id":"598","tpg":"Rue Carr\u00e9e","sbb":"Satigny, Rue Carr\u00e9e"}, {"id":"599","tpg":"Maison du Terroir","sbb":"Bernex, Maison du Terroir"}, {"id":"600","tpg":"Contamines","sbb":"Gen\u00e8ve, Contamines"}, {"id":"601","tpg":"Prairie","sbb":"Gen\u00e8ve, Prairie"}, {"id":"602","tpg":"Rte de Corsinge","sbb":"Meinier, route de Corsinge"}, {"id":"603","tpg":"Repentance","sbb":"V\u00e9senaz, Repentance"}, {"id":"604","tpg":"Pont-de-Peney","sbb":"Aire-la-Ville, Pont-de-Peney"}, {"id":"605","tpg":"Pr\u00e9-Jardinier","sbb":"Plan-les-Ouates, Pr\u00e9-Jardinier"}, {"id":"606","tpg":"La Plaine-Douane","sbb":"La Plaine, douane"}, {"id":"607","tpg":"Etoile","sbb":"Annemasse, Deffaugt"}, {"id":"608","tpg":"Jussy-Ch\u00e2teau","sbb":"Jussy, ch\u00e2teau"}, {"id":"609","tpg":"De Haller","sbb":"Ch\u00eane-Bourg, De Haller"}, {"id":"610","tpg":"Muguets","sbb":"Vessy, Muguets"}, {"id":"611","tpg":"Galaise","sbb":"Plan-les-Ouates, Galaise"}, {"id":"612","tpg":"Molard","sbb":"Gen\u00e8ve-Molard"}, {"id":"613","tpg":"Satigny-CS","sbb":"Satigny, Centre sportif"}, {"id":"614","tpg":"Montal\u00e8gre","sbb":"Cologny, Montal\u00e8gre"}, {"id":"615","tpg":"De-Westerweller","sbb":"Vandoeuvres, De-Westerweller"}, {"id":"616","tpg":"L'avenir","sbb":"Presinge, L'Avenir"}, {"id":"617","tpg":"Gd-Saconnex-Pl.","sbb":"Grand-Saconnex, place"}, {"id":"618","tpg":"ZIMOGA","sbb":"Vernier, ZIMOGA"}, {"id":"619","tpg":"V\u00e9lodrome","sbb":"Plan-les-Ouates, V\u00e9lodrome"}, {"id":"620","tpg":"Parcs","sbb":"Gen\u00e8ve, Parcs"}, {"id":"621","tpg":"V\u00e9senaz","sbb":"V\u00e9senaz, village"}, {"id":"622","tpg":"Franchises","sbb":"Gen\u00e8ve, Franchises"}, {"id":"623","tpg":"Millet","sbb":"Gaillard, La Tour"}, {"id":"624","tpg":"Berthet","sbb":"Confignon, Berthet"}, {"id":"625","tpg":"Peillonnex","sbb":"Ch\u00eane-Bourg, Peillonnex"}, {"id":"626","tpg":"Boudigny-Dessous","sbb":"Satigny, Bourdigny-Dessus"}, {"id":"627","tpg":"Bois-du-Lan","sbb":"Meyrin, Bois-du-Lan"}, {"id":"628","tpg":"Renfile","sbb":"Vernier, Renfile"}, {"id":"629","tpg":"Parc Montessuit","sbb":"Annemasse, Parc Montessuit"}, {"id":"630","tpg":"C\u00e9ligny Gare","sbb":"C\u00e9ligny, gare"}, {"id":"631","tpg":"Les Petoux","sbb":"Puplinge, Les Petoux"}, {"id":"632","tpg":"Tourelle","sbb":"Gen\u00e8ve, Tourelle"}, {"id":"633","tpg":"Passeiry","sbb":"Avusy, Passeiry"}, {"id":"634","tpg":"Pr\u00e9ventorium","sbb":"Grand-Lancy, Pr\u00e9ventorium"}, {"id":"635","tpg":"Deffaugt","sbb":"Annemasse, Deffaugt"}, {"id":"636","tpg":"Mus\u00e9um","sbb":"Gen\u00e8ve, Mus\u00e9um"}, {"id":"637","tpg":"St-Julien-H\u00f4pita","sbb":"St-Julien-en-Genevois, h\u00f4pital"}, {"id":"638","tpg":"Verseuse","sbb":"Vernier, Verseuse"}, {"id":"639","tpg":"Richelien","sbb":"Versoix, Richelien"}, {"id":"640","tpg":"Croisette","sbb":"Vernier, Croisette"}, {"id":"641","tpg":"Creux-du-Loup","sbb":"Avusy, Creux-du-Loup"}, {"id":"642","tpg":"Livron","sbb":"Annemasse, Deffaugt"}, {"id":"643","tpg":"Ferney-V.-Mairie","sbb":"Ferney, mairie"}, {"id":"644","tpg":"Cr\u00e9dery","sbb":"Satigny, Cr\u00e9dery"}, {"id":"645","tpg":"Belle-Id\u00e9e-Ch\u00eane","sbb":"Th\u00f4nex, Belle-Id\u00e9e-Ch\u00eanes"}, {"id":"646","tpg":"Amandolier(SNCF)","sbb":"Gen\u00e8ve, Amandolier"}, {"id":"647","tpg":"Belle-Cour","sbb":"Onex, Belle-Cour"}, {"id":"648","tpg":"Stade de Gen\u00e8ve","sbb":"Carouge GE, Stade de Gen\u00e8ve"}, {"id":"649","tpg":"Pictet-Thellusson","sbb":"Carouge GE, Pictet-Thellusson"}, {"id":"650","tpg":"La Boverie","sbb":"Satigny, La Boverie"}, {"id":"651","tpg":"Cr.-en-Champagne","sbb":"Cartigny, Croix-en-Champagne"}, {"id":"652","tpg":"Tr\u00e8fle-Blanc","sbb":"Plan-les-Ouates, Tr\u00e8fle-Blanc"}, {"id":"653","tpg":"Sous-Cassan","sbb":"Annemasse, Deffaugt"}, {"id":"654","tpg":"Uni-Mail","sbb":"Gen\u00e8ve, Uni-Mail"}, {"id":"655","tpg":"Ch\u00e2telaine","sbb":"Vernier, Ch\u00e2telaine"}, {"id":"656","tpg":"Lib\u00e9ration","sbb":"Annemasse, Deffaugt"}, {"id":"657","tpg":"Mies","sbb":"Mies, giratoire"}, {"id":"658","tpg":"Courson","sbb":"Ani\u00e8res, Courson"}, {"id":"659","tpg":"Verbant","sbb":"Plan-les-Ouates, Verbant"}, {"id":"660","tpg":"Jumelles","sbb":"Th\u00f4nex, Jumelles"}, {"id":"661","tpg":"Tougin-H\u00f4pital","sbb":"Tougin, h\u00f4pital"}, {"id":"662","tpg":"Mines","sbb":"Gen\u00e8ve, Mines"}, {"id":"663","tpg":"Piscine de Lancy","sbb":"Grand-Lancy, Piscine de Lancy"}, {"id":"664","tpg":"St-Antoine","sbb":"Gen\u00e8ve, Saint-Antoine"}, {"id":"665","tpg":"La Fen\u00eatre","sbb":"Gen\u00e8ve, La Fen\u00eatre"}, {"id":"666","tpg":"Le Nant","sbb":"Bellevue GE, Le Nant"}, {"id":"667","tpg":"Roseraie","sbb":"Gen\u00e8ve, Roseraie"}, {"id":"668","tpg":"Petit-Lancy","sbb":"Petit-Lancy"}, {"id":"669","tpg":"Boissier","sbb":"Cologny, Boissier"}, {"id":"670","tpg":"Rte d'Annecy","sbb":"Bardonnex, Route d'Annecy"}, {"id":"671","tpg":"Th\u00e9\u00e2tre","sbb":"Gen\u00e8ve, Th\u00e9\u00e2tre"}, {"id":"672","tpg":"Floralies","sbb":"Vernier, Floralies"}, {"id":"673","tpg":"Les Quoattes","sbb":"Avusy, Les Quoattes"}, {"id":"674","tpg":"Hauts-Cessy","sbb":"Cessy, Les Hauts-de-Cessy"}, {"id":"675","tpg":"La Dame","sbb":"V\u00e9senaz, La Dame"}, {"id":"676","tpg":"Basselat","sbb":"Presinge, Basselat"}, {"id":"677","tpg":"Mus\u00e9e d'ethno.","sbb":"Gen\u00e8ve, Mus\u00e9e d'ethnographie"}, {"id":"678","tpg":"Satigny-Temple","sbb":"Satigny, temple"}, {"id":"679","tpg":"Lully","sbb":"Bernex, Lully"}, {"id":"680","tpg":"Gy-Poste","sbb":"Gy, poste"}, {"id":"681","tpg":"Veigy-Village","sbb":"Veigy, village"}, {"id":"682","tpg":"Eaumorte","sbb":"Avusy, Eaumorte"}, {"id":"683","tpg":"Aire-la-Ville","sbb":"Aire-la-Ville"}, {"id":"684","tpg":"Meyrin-Gravi\u00e8re","sbb":"Meyrin, Gravi\u00e8re"}, {"id":"685","tpg":"Grand-Donzel","sbb":"Vessy, Grand-Donzel"}, {"id":"686","tpg":"Palais Eynard","sbb":"Gen\u00e8ve, Palais Eynard"}, {"id":"687","tpg":"St-Julien-Centre","sbb":"St-Julien-en-Genevois, centre"}, {"id":"688","tpg":"Dussaud","sbb":"Gen\u00e8ve, Dussaud"}, {"id":"689","tpg":"Florence","sbb":"Gen\u00e8ve, Florence"}, {"id":"690","tpg":"Chancy-Douane","sbb":"Chancy, douane"}, {"id":"691","tpg":"Rivolette","sbb":"Troinex, Rivolette"}, {"id":"692","tpg":"Onex-Salle communale","sbb":"Onex, Salle communale"}, {"id":"693","tpg":"Hautains","sbb":"St-Genis, Hautains"}, {"id":"694","tpg":"Cottenets","sbb":"Bernex, Cottenets"}, {"id":"695","tpg":"Rte de Presinge","sbb":"Meinier, route de Presinge"}, {"id":"696","tpg":"Athenaz-Village","sbb":"Athenaz, village"}, {"id":"697","tpg":"Poizat","sbb":"Challex, Poizat"}, {"id":"698","tpg":"Mategnin","sbb":"Meyrin, Mategnin"}, {"id":"699","tpg":"Commugny","sbb":"Commugny, centre"}, {"id":"700","tpg":"D\u00f4le","sbb":"Gen\u00e8ve, D\u00f4le"}, {"id":"701","tpg":"Foretaille","sbb":"Chamb\u00e9sy, Foretaille"}, {"id":"702","tpg":"Bois-Chatton","sbb":"Versonnex, Bois-Chatton"}, {"id":"703","tpg":"Sta.Trois-Ch\u00eane","sbb":"Ch\u00eane-Bourg, Stade Trois-Ch\u00eane"}, {"id":"704","tpg":"Rte d'Epeisses","sbb":"Avully, Route d'Epeisses"}, {"id":"705","tpg":"Peissy","sbb":"Satigny, Peissy"}, {"id":"706","tpg":"Les Marbriers","sbb":"Lancy, Les Marbriers"}, {"id":"707","tpg":"Pont-de-Drize","sbb":"Troinex, Pont-de-Drize"}, {"id":"708","tpg":"Versonnex","sbb":"Versonnex-Village"}, {"id":"709","tpg":"Cocuaz","sbb":"Vandoeuvres, Cocuaz"}, {"id":"710","tpg":"Collex-Centre","sbb":"Collex, centre"}, {"id":"711","tpg":"H\u00f4pital","sbb":"Gen\u00e8ve, H\u00f4pital"}, {"id":"712","tpg":"Triaz","sbb":"Hermance, Triaz"}, {"id":"713","tpg":"Mais. Parlements","sbb":"Gen\u00e8ve, Maison des Parlements"}, {"id":"714","tpg":"Coutance","sbb":"Gen\u00e8ve, Coutance"}, {"id":"715","tpg":"Ch\u00e2teau Voltaire","sbb":"Ferney, Ch\u00e2teau de Voltaire"}, {"id":"716","tpg":"Champ-des-Filles","sbb":"Plan-les-Ouates, Ch.-d.-Filles"}, {"id":"717","tpg":"Fontenette","sbb":"Carouge GE, Fontenette"}, {"id":"718","tpg":"Satigny-Poste","sbb":"Satigny, poste"}, {"id":"719","tpg":"CES P. Langevin","sbb":"Presinge, Cara-Douane"}, {"id":"720","tpg":"Av. de l'Ain","sbb":"Vernier, Avenue de l'Ain"}, {"id":"721","tpg":"S\u00e9gny","sbb":"S\u00e9gny"}, {"id":"722","tpg":"Eglise Russe","sbb":"Gen\u00e8ve, Eglise Russe"}, {"id":"723","tpg":"Canal de Versoix","sbb":"Versoix, Canal de Versoix"}, {"id":"724","tpg":"Printani\u00e8re","sbb":"Avully, Printani\u00e8re"}, {"id":"725","tpg":"Vieux Ch\u00e2teau","sbb":"Presinge, Bornes"}, {"id":"726","tpg":"Isaac-Mercier","sbb":"Gen\u00e8ve, Isaac-Mercier"}, {"id":"727","tpg":"Carre-d'Amont","sbb":"Meinier, Le Carre-d'Amont"}, {"id":"728","tpg":"Clapar\u00e8de","sbb":"Gen\u00e8ve, Clapar\u00e8de"}, {"id":"729","tpg":"Sous-Chevrens","sbb":"Ani\u00e8res, Sous-Chevrens"}, {"id":"730","tpg":"Charmilles","sbb":"Gen\u00e8ve, Charmilles"}, {"id":"731","tpg":"Henry Bordeaux","sbb":"Annemasse, Deffaugt"}, {"id":"732","tpg":"Saconnex-d'Arve","sbb":"Plan-les-Ouates, Verbant"}, {"id":"733","tpg":"A\u00e9roport","sbb":"Gen\u00e8ve, A\u00e9roport (TPG)"}, {"id":"734","tpg":"Champ-Fusy","sbb":"St-Genis, Champ Fusy"}, {"id":"735","tpg":"Arande","sbb":"St-Julien-en-Genevois, Arande"}, {"id":"736","tpg":"Barde","sbb":"Vernier, Barde"}, {"id":"737","tpg":"Sainte-C\u00e9cile","sbb":"Meyrin, Sainte-C\u00e9cile"}, {"id":"738","tpg":"Claire-Vue","sbb":"Petit-Lancy, Claire-Vue"}, {"id":"739","tpg":"Montchoisy","sbb":"Gen\u00e8ve, Montchoisy"}, {"id":"740","tpg":"Versoix-Lachenal","sbb":"Versoix, Lachenal"}, {"id":"741","tpg":"Chancy-Village","sbb":"Chancy, village"}, {"id":"742","tpg":"En Louche","sbb":"Perly, En Louche"}, {"id":"743","tpg":"Pougny-Gare","sbb":"Pougny, gare"}, {"id":"744","tpg":"Cologny-Mairie","sbb":"Cologny, mairie"}, {"id":"745","tpg":"Mus\u00e9e art-histoire","sbb":"Gen\u00e8ve, M. d'art et d'histoire"}, {"id":"746","tpg":"Bachet-de-Pesay","sbb":"Grand-Lancy, Bachet-de-Pesay"}, {"id":"747","tpg":"Centre de Convention","sbb":"Archamps, Centre de convention"}, {"id":"748","tpg":"Maillard","sbb":"Meyrin, Maillard"}, {"id":"749","tpg":"Chavannes-des-Bois","sbb":"Chavannes-des-Bois"}, {"id":"750","tpg":"Aviateurs","sbb":"Plan-les-Ouates, Aviateurs"}, {"id":"751","tpg":"Ravi\u00e8res","sbb":"Perly, village"}, {"id":"752","tpg":"Soral-Village","sbb":"Soral, village"}, {"id":"753","tpg":"Collonges-Bourg","sbb":"Collonges-Sal\u00e8ve, Bourg Haut"}, {"id":"754","tpg":"Ch\u00e2telaine-Pt-Bois","sbb":"Vernier, Ch\u00e2telaine"}, {"id":"755","tpg":"Beau-S\u00e9jour","sbb":"Gen\u00e8ve, Beau-S\u00e9jour"}, {"id":"756","tpg":"Palettes","sbb":"Grand-Lancy, Palettes"}, {"id":"757","tpg":"Ani\u00e8res-Chavannes","sbb":"Ani\u00e8res, Chavannes"}, {"id":"758","tpg":"Chavan. de-Bogis","sbb":"Chavannes-de-Bogis, village"}, {"id":"759","tpg":"Pr\u00e9-la-Fontaine","sbb":"Satigny, Pr\u00e9-de-la-Fontaine"}, {"id":"760","tpg":"Jussy-Bellebouche","sbb":"Jussy, Bellebouche"}, {"id":"761","tpg":"Ch. de la Douane","sbb":"Laconnex, Chemin de la Douane"}, {"id":"762","tpg":"Vireloup","sbb":"Collex, Vireloup"}, {"id":"763","tpg":"Le Saugy","sbb":"Genthod, Le Saugy"}, {"id":"764","tpg":"Joli-Mont","sbb":"Gen\u00e8ve, Joli-Mont"}, {"id":"765","tpg":"Ani\u00e8res-Douane","sbb":"Ani\u00e8res, douane"}, {"id":"766","tpg":"Pont-d'Arve","sbb":"Gen\u00e8ve, Pont-d'Arve"}, {"id":"767","tpg":"Petit-Miolan","sbb":"Choulex, Petit-Miolan"}, {"id":"768","tpg":"Genthod-Village","sbb":"Genthod, village"}, {"id":"769","tpg":"Marsillon","sbb":"Vessy, Marsillon"}, {"id":"770","tpg":"Germagny","sbb":"Viry, Germagny"}, {"id":"771","tpg":"Mach\u00e9ry","sbb":"Grand-Saconnex, Mach\u00e9ry"}, {"id":"772","tpg":"La Gabiule","sbb":"Collonge-Bellerive, La Gabiule"}, {"id":"773","tpg":"Velours","sbb":"Gen\u00e8ve, Velours"}, {"id":"774","tpg":"Meyrin-Village","sbb":"Meyrin, village"}, {"id":"775","tpg":"Veigy-Ecole","sbb":"Veigy, \u00e9cole"}, {"id":"776","tpg":"Poterie","sbb":"Gen\u00e8ve, Poterie"}, {"id":"777","tpg":"Jean Monnet","sbb":"St-Genis, Jean Monnet"}, {"id":"778","tpg":"Perly-Mairie","sbb":"Perly, mairie"}, {"id":"779","tpg":"Blanche","sbb":"Gen\u00e8ve, Blanche"}, {"id":"780","tpg":"Bois-des-Fr\u00e8res","sbb":"Vernier, Bois-des-Fr\u00e8res"}, {"id":"781","tpg":"Vernets","sbb":"Gen\u00e8ve, Vernets"}, {"id":"782","tpg":"Place Verte","sbb":"Vessy, Place Verte"}, {"id":"783","tpg":"Nations","sbb":"Gen\u00e8ve, Nations"}, {"id":"784","tpg":"Evaux","sbb":"Onex, Evaux"}, {"id":"785","tpg":"Confignon-Mairie","sbb":"Confignon, mairie"}, {"id":"786","tpg":"Pl. Eaux-Vives","sbb":"Gen\u00e8ve, Place des Eaux-Vives"}, {"id":"787","tpg":"Jargili\u00e8res","sbb":"Ferney, Jargili\u00e8res"}, {"id":"788","tpg":"Troinex-Mairie","sbb":"Troinex, mairie"}, {"id":"789","tpg":"Palladium","sbb":"Gen\u00e8ve, Palladium"}, {"id":"790","tpg":"Campanules","sbb":"Vernier, Campanules"}, {"id":"791","tpg":"Les Baraques","sbb":"Challex, Les Baraques"}, {"id":"792","tpg":"Caron","sbb":"Chamb\u00e9sy, Caron"}, {"id":"793","tpg":"SIG Lignon","sbb":"Vernier, SIG Lignon"}, {"id":"794","tpg":"Vailly","sbb":"Bernex, Vailly"}, {"id":"795","tpg":"Crois\u00e9e Cologny","sbb":"Cologny, crois\u00e9e"}, {"id":"796","tpg":"Val-d'Arve","sbb":"Carouge GE, Val-d'Arve"}, {"id":"797","tpg":"Ch. de l'Eperon","sbb":"Ch\u00eane-Bougeries,Ch.de l'Eperon"}, {"id":"798","tpg":"BIT","sbb":"Gen\u00e8ve, BIT"}, {"id":"799","tpg":"S\u00e9zegnin","sbb":"Avusy, S\u00e9zegnin"}, {"id":"800","tpg":"Brunette","sbb":"Ferney, Brunette"}, {"id":"801","tpg":"Les Oulaines","sbb":"Confignon, Les Oulaines"}, {"id":"802","tpg":"Au Contour","sbb":"Plan-les-Ouates, Au Contour"}, {"id":"803","tpg":"Vermont","sbb":"Gen\u00e8ve, Vermont"}, {"id":"804","tpg":"Valleiry Espace","sbb":"Valleiry, Espace FOL"}, {"id":"805","tpg":"Prevessin-M\u00f6ens","sbb":"Pr\u00e9vessin-Mo\u00ebns, mairie"}, {"id":"806","tpg":"Le Pommier","sbb":"Grand-Saconnex, Le Pommier"}, {"id":"807","tpg":"Gradelle","sbb":"Cologny, Gradelle"}, {"id":"808","tpg":"Jonction","sbb":"Gen\u00e8ve, Jonction"}, {"id":"809","tpg":"Chougny","sbb":"Vandoeuvres, Chougny"}, {"id":"810","tpg":"Maison de la Paix","sbb":"Gen\u00e8ve, Maison de la Paix"}, {"id":"811","tpg":"Compois","sbb":"Meinier, Compois"}, {"id":"812","tpg":"Nant-Malet","sbb":"Plan-les-Ouates, Nant-Malet"}, {"id":"813","tpg":"Pregny-Village","sbb":"Pregny, village"}, {"id":"814","tpg":"Meinier-Pralys","sbb":"Meinier, Pralys"}, {"id":"815","tpg":"Presinge","sbb":"Presinge, village"}, {"id":"816","tpg":"Landecy","sbb":"Bardonnex, Landecy"}, {"id":"817","tpg":"Ch. du Terraillet","sbb":"Pr\u00e9vessin-Mo\u00ebns, Ch. du Terrai"}, {"id":"818","tpg":"Montesquiou","sbb":"Onex, Montesquiou"}, {"id":"819","tpg":"Poste","sbb":"Gen\u00e8ve, poste"}, {"id":"820","tpg":"Massettes","sbb":"Grand-Saconnex, Massettes"}, {"id":"821","tpg":"L\u00e9on Bourgeois","sbb":"Presinge, Bornes"}, {"id":"822","tpg":"Gex-G.Charpak","sbb":"Gex, Georges Charpak (F)"}, {"id":"823","tpg":"Varemb\u00e9","sbb":"Gen\u00e8ve, Varemb\u00e9"}, {"id":"824","tpg":"Viry Chef-Lieu","sbb":"Viry, Chef-Lieu"}, {"id":"825","tpg":"Bas-Collonges","sbb":"Collonges-Sal\u00e8ve,Bas-Collonges"}, {"id":"826","tpg":"Calas","sbb":"Gen\u00e8ve, Calas"}, {"id":"827","tpg":"Lyc\u00e9e J.Monnet","sbb":"Annemasse, Deffaugt"}, {"id":"828","tpg":"Entr\u00e9e-H\u00f4pital","sbb":"Gen\u00e8ve, Entr\u00e9e-H\u00f4pital"}, {"id":"829","tpg":"Gos","sbb":"Gen\u00e8ve, Gos"}, {"id":"830","tpg":"M\u00f4le","sbb":"Gen\u00e8ve, M\u00f4le"}, {"id":"831","tpg":"Rue du Lac","sbb":"Gen\u00e8ve, Rue du Lac"}, {"id":"832","tpg":"Bovy-Lysberg","sbb":"Gen\u00e8ve, Bovy-Lysberg"}, {"id":"833","tpg":"La Plaine-Ecole","sbb":"La Plaine, \u00e9cole"}, {"id":"834","tpg":"Compesi\u00e8res","sbb":"Bardonnex, Compesi\u00e8res"}, {"id":"835","tpg":"Vernier-Ecole","sbb":"Vernier, \u00e9cole"}, {"id":"836","tpg":"Ancienne","sbb":"Carouge GE, Ancienne"}, {"id":"837","tpg":"Florissant","sbb":"Gen\u00e8ve, Florissant"}, {"id":"838","tpg":"Epinettes","sbb":"Gen\u00e8ve, Epinettes"}, {"id":"839","tpg":"Port Choiseul","sbb":"Versoix, Port Choiseul"}, {"id":"840","tpg":"Gd-Saconnex-Dne","sbb":"Grand-Saconnex, Douane"}, {"id":"841","tpg":"Rte de Lullier","sbb":"Jussy, Route de Lullier"}, {"id":"842","tpg":"Navigation","sbb":"Gen\u00e8ve, Navigation"}, {"id":"843","tpg":"Dusonchet","sbb":"Annemasse, Deffaugt"}, {"id":"844","tpg":"Croix d'Ambilly","sbb":"Ambilly, Croix d'Ambilly"}, {"id":"845","tpg":"Soral-Mairie","sbb":"Soral, mairie"}, {"id":"846","tpg":"Bandol","sbb":"Onex, Bandol"}, {"id":"847","tpg":"Arare","sbb":"Plan-les-Ouates, Arare"}, {"id":"848","tpg":"Jussy-Meurets","sbb":"Jussy, Meurets"}]}
